"","tfreq","rfreq","cfreq"
"(40,60]",1,0.0333333333333333,0.0333333333333333
"(60,80]",7,0.233333333333333,0.266666666666667
"(80,100]",11,0.366666666666667,0.633333333333333
"(100,120]",7,0.233333333333333,0.866666666666667
"(120,140]",3,0.1,0.966666666666667
"(140,160]",1,0.0333333333333333,1
